Feature,Importance
SEC24A,0.292400964459245
NINJ1,0.2664447889705003
RAB5A,0.2259672834319418
CETN2,0.07036282670147471
HLA-DQB1,0.030935550088916904
MRPL41,0.02131425116736075
NOP56,0.013976053082200613
AP2S1,0.011322156135934834
VPS4B,0.008880807097250464
SH3BGRL,0.00823067533330741
NT5DC1,0.007581327853627399
ANKRD13A,0.004547541415110032
TPM4,0.0040235189099573545
CPNE3,0.003475823567615704
IBA57,0.0029482955509534635
HBG2,0.002655285905586626
LDB3,0.002615754942509237
PAWR,0.0023315627411271177
PLP2,0.0020945401191911923
TAF15,0.0020707590611372885
ADAM10,0.002054522249426384
PRKAG1,0.0019707694132367185
NRP1,0.0017517022562501844
ERGIC1,0.0012014454163566412
TNS1,0.0010792802990910945
STX4,0.000997671047944263
LRRFIP1,0.0009229893573831937
RPS10,0.000766544550896068
RPL17,0.00073165075213229
RSU1,0.0005888965474668862
SERBP1,0.0005446106542535162
DUT,0.0005056731008057773
NAPG,0.0004224240501449519
CTBP1,0.0004127979703013817
HSD17B2,0.0003210813127023216
PKM,0.00029856961695819416
IDH3B,0.00024664587950527415
RPS27,0.00018913866000651119
TRAP1,0.00014512429010919397
JPH2,0.00011213692233685045
FCN3,0.0001113254456974968
CTBP2,8.538579103038666e-05
C12orf57,6.556405161404978e-05
SSR1,5.0245862697039264e-05
SH2D4A,4.2023914989043836e-05
COL4A1,3.8492780721561507e-05
CD151,3.769334075566986e-05
SDF2L1,2.9517551444979864e-05
EIF4E,2.4660338946867312e-05
EIF3K,1.991945863514054e-05
S100A12,1.32850002256463e-05
RAB1A,1.1110929737640348e-05
ILKAP,5.977402873466627e-06
HMGA1,4.579842155991926e-06
NDUFS3,4.099808896118474e-06
ARHGEF7,3.896937233826579e-06
IGLV5-45,2.0639793350986676e-06
ITGA7,1.7603628538264015e-06
PEX11B,1.5780000393563205e-06
RAB10,5.939154284378059e-07
CSNK2A2,5.433123649059964e-07
RAB11B,4.578434459876493e-07
DOCK1,4.1618216428380726e-07
MANF,3.477286522784026e-07
HSPD1,2.7536138858977263e-07
GPNMB,1.9113101370239309e-07
STAT5A,1.4327445277315499e-07
IFI16,1.0974391330732879e-07
PPP1CB,6.556616205574915e-08
FKBP5,4.931730266352771e-08
AIP,4.1307990287114574e-08
HINT1,3.164035827411095e-08
EIF2B1,2.2161556587482565e-08
SEC61B,1.6977966421802844e-08
PABPC1,1.4273113543966527e-08
AK3,1.0891484522967633e-08
GIMAP1,6.834500838718109e-09
NAXE,6.389235569959172e-09
APOE,5.689295314957757e-09
ATP6V1C1,2.637824727043461e-09
NSDHL,2.103567578443354e-09
CTNNB1,2.0639210435285264e-09
MYG1,2.0106915200867497e-09
BIRC5,2.003207574540035e-09
RNASET2,1.904538374244262e-09
TACSTD2,1.7024552257850182e-09
GOLPH3,1.4797913478913379e-09
RPN1,1.29004991467741e-09
ITGAM,1.2586087881976504e-09
CEACAM7,1.0522298348162627e-09
NUTF2,1.0117228825774554e-09
TFRC,9.220579014117142e-10
NFU1,9.131852836083892e-10
RDX,7.400856047037037e-10
RPS15,7.073354554102027e-10
RAB31,5.713381110641979e-10
APEX1,5.406669506791452e-10
MAP2K1,4.5793438988142795e-10
HSPB6,3.929031741893878e-10
LCP1,3.646711164905287e-10
ACSL4,2.88821796026586e-10
IGHV3-7,2.2769391372062214e-10
ITGA5,2.1657521332564838e-10
SUMF2,1.8521935952049152e-10
KPNB1,1.8139548886280443e-10
ANXA1,1.7959706584468245e-10
MYC,1.7064521106965105e-10
ITGA2,1.4693925494587044e-10
ANG,1.3971509481837505e-10
RPS16,1.257139881509383e-10
CSTB,1.1258875200979922e-10
CCT7,1.0920076040205224e-10
IRAG2,1.0054801431960489e-10
IFI35,4.9604885650098185e-11
SUPT6H,4.552698212487637e-11
PAFAH1B2,4.00661925628842e-11
TERF2IP,3.781456841347184e-11
TMED1,3.706089066058925e-11
AIFM1,3.442001355809454e-11
HPCAL1,2.7300478626144866e-11
MCM3,2.3659855211934348e-11
BDH2,2.237070216237726e-11
RPL23A,2.1605478181984844e-11
MAT2B,1.7418861661427814e-11
YARS1,1.4971393650713743e-11
CCNB1,1.406741522661418e-11
XPO4,7.702909959327038e-12
GZMK,6.532265275706865e-12
ALDH3A1,5.579182104839462e-12
FUS,5.424202862437606e-12
RNF213,4.926930528719681e-12
PODN,4.3620836687336586e-12
CYB5R2,4.153070313283027e-12
MDP1,3.785485541941193e-12
TPM2.1,3.667535455929705e-12
VPS26C,3.3410444990452424e-12
EDC4,2.9230848947592035e-12
ADI1,2.90733874160422e-12
DCTN1,2.583816783531823e-12
FAHD2A,1.960012090018438e-12
ARCN1,1.7132259316239751e-12
SELENOF,1.501229105288483e-12
ETF1,1.314604346686678e-12
OAT,1.2556153519037301e-12
ALDH7A1,1.1275124219800148e-12
LDAH,1.0505075296257102e-12
SGTA,8.451221833443927e-13
IGFBP7,7.735172711173247e-13
SRP14,7.378496029941683e-13
SERPINA3,6.792310231905532e-13
NPC2,6.465315205103141e-13
TRMT10C,6.165895173593389e-13
CD3E,4.577581307824058e-13
SPCS2,4.548201375977828e-13
GBA,4.53885505768674e-13
ANKFY1,4.452534906144724e-13
THEM4,3.4868499534401883e-13
PGRMC2,3.373665260956076e-13
MRPL13,2.8591440286976264e-13
ACADM,2.5869932614192027e-13
DCLK1,2.538947756862583e-13
GNAI3,2.2892350679931644e-13
DPM1,1.5701245006567352e-13
SUMO2,1.4719575243062163e-13
MIX23,1.3068433784721213e-13
PGD,1.1240903180755204e-13
FBLN1,1.0431068768105844e-13
OFD1,9.22052564703494e-14
SELENOH,7.98945153897711e-14
C7,6.055691211166593e-14
NQO2,4.6869818976330514e-14
SLC3A2,3.2935620028707894e-14
LMNA,3.177680235987546e-14
ANP32E,2.4344728202140607e-14
TIMP1,2.3032828548604992e-14
HLA-DRA,1.4287495893805884e-14
NDUFB1,1.3304052469500702e-14
NAPRT,1.0944998108683394e-14
COMMD10,6.487645371611409e-15
HIBCH,5.755706887310812e-15
NRBP1,3.7685506534316624e-15
WASHC4,3.332719238805408e-15
PSMA3,1.2973212849002264e-15
ITGA6,1.2594787332580864e-15
KHDRBS1,9.937038931555295e-16
ENO1,7.611386552809294e-16
RPL11,3.4203558951020168e-16
UBXN1,3.052234162733242e-16
EIF4B,2.0066336356902846e-16
MFAP5,5.2898266394695836e-17
SFXN1,4.051668259656313e-17
CDS2,3.210658646204234e-17
EIF4A1,3.103314438883801e-17
SLC25A6,2.3265642363798794e-17
DDX21,1.8205735825476067e-17
DIAPH1,4.071487413664789e-18
PHB2,0.0
PLA2G2A,0.0
PITPNB,0.0
PPIL3,0.0
PITRM1,0.0
PPIL1,0.0
PML,0.0
PPIH,0.0
PKM.1,0.0
PGAM1,0.0
PKP3,0.0
PFDN1,0.0
PFDN2,0.0
PGM5,0.0
PGM3,0.0
PFDN4,0.0
PLA2G4A,0.0
PLBD1,0.0
PPIF,0.0
PPIE,0.0
PPID,0.0
PPIC,0.0
PLCB3,0.0
PGAM5,0.0
PITPNA,0.0
PITHD1,0.0
PHB,0.0
PIR,0.0
PPP1CA,0.0
PPME1,0.0
PHF5A,0.0
PHGDH,0.0
PLXNB2,0.0
PHPT1,0.0
PHYHD1,0.0
PEX19,0.0
PLXDC2,0.0
PPM1G,0.0
PPP1CC,0.0
PI16,0.0
PICALM,0.0
PPM1F,0.0
PF4,0.0
PPM1A,0.0
PFAS,0.0
PGRMC1,0.0
PIGR,0.0
PIN1,0.0
PIP,0.0
PPL,0.0
PIP4K2A,0.0
PMVK,0.0
PFDN6,0.0
PFDN5,0.0
PLS1,0.0
POLDIP3,0.0
PLG,0.0
PLIN3,0.0
POLDIP2,0.0
POGLUT3,0.0
PGM1,0.0
PLTP,0.0
POGLUT1,0.0
PFN1,0.0
POFUT1,0.0
PLIN4,0.0
PMPCB,0.0
PFN2,0.0
PGLYRP2,0.0
POF1B,0.0
PLS3,0.0
PLPBP,0.0
PODXL,0.0
PGLYRP1,0.0
PGLS,0.0
PNPO,0.0
PGK1,0.0
PNP,0.0
PLPP1,0.0
PLPP3,0.0
POLR2A,0.0
PFKP,0.0
PFKM,0.0
PPA1,0.0
PPIB,0.0
PMPCA,0.0
PPIA,0.0
PPCS,0.0
PFKL,0.0
PPBP,0.0
PLCD1,0.0
PLVAP,0.0
PLCG2,0.0
PLD3,0.0
PPA2,0.0
POSTN,0.0
POLR2B,0.0
POR,0.0
PON2,0.0
PLEC,0.0
PON1,0.0
PLEK,0.0
PGM2,0.0
POLR2H,0.0
POLR2E,0.0
PLEKHA5,0.0
POLR2C,0.0
PLEKHO2,0.0
PMM2,0.0
A1BG,0.0
PPP1R12A,0.0
PTGIS,0.0
PTGR2,0.0
PTGS1,0.0
PTK2,0.0
PTK7,0.0
PTMA,0.0
PTMS,0.0
PTP4A2,0.0
PTPA,0.0
PTPN11,0.0
PTPN23,0.0
PTPN6,0.0
PTPRA,0.0
PTPRC,0.0
PTPRCAP,0.0
PTPRS,0.0
PTRH2,0.0
PTRHD1,0.0
PUDP,0.0
PUF60,0.0
PTGR1,0.0
PTGFRN,0.0
PURB,0.0
PTGES3,0.0
PSMD5,0.0
PSMD6,0.0
PSMD7,0.0
PSMD8,0.0
PSMD9,0.0
PSME1,0.0
PSME2,0.0
PSME3,0.0
PSMF1,0.0
PSMG1,0.0
PSMG2,0.0
PSPC1,0.0
PSPH,0.0
PTBP1,0.0
PTBP3,0.0
PTER,0.0
PTGDS,0.0
PTGES,0.0
PTGES2,0.0
PURA,0.0
PXN,0.0
PPP1R12B,0.0
RAB32,0.0
RAB3D,0.0
RAB3GAP2,0.0
RAB4A,0.0
RAB4B,0.0
RAB5B,0.0
RAB5C,0.0
RAB6A,0.0
RAB7A,0.0
RAB8A,0.0
RAB8B,0.0
RAB9A,0.0
RABGAP1,0.0
RAC1,0.0
RAC2,0.0
RACK1,0.0
RAD23A,0.0
RAD23B,0.0
RAD50,0.0
RAI14,0.0
RAB35,0.0
RAB2B,0.0
PYCARD,0.0
RAB2A,0.0
PYGB,0.0
PYGL,0.0
PYM1,0.0
QARS1,0.0
QDPR,0.0
QKI,0.0
QPRT,0.0
QSOX1,0.0
RAB11A,0.0
RAB13,0.0
RAB14,0.0
RAB18,0.0
RAB1B,0.0
RAB21,0.0
RAB22A,0.0
RAB23,0.0
RAB25,0.0
RAB27A,0.0
RAB27B,0.0
PSMD4,0.0
PSMD3,0.0
PSMD2,0.0
PRDX6,0.0
PREP,0.0
PRG2,0.0
PRG3,0.0
PRG4,0.0
PRKAA1,0.0
PRKAB1,0.0
PRKACA,0.0
PRKACB,0.0
PRKACG,0.0
PRKAR1A,0.0
PRKAR2A,0.0
PEPD,0.0
PRKCD,0.0
PRKCSH,0.0
PRKDC,0.0
PRKG1,0.0
PRKRA,0.0
PRMT1,0.0
PRMT5,0.0
PRELP,0.0
PRDX5,0.0
PSMD14,0.0
PRDX4,0.0
PPP1R14A,0.0
PPP1R14B,0.0
PPP1R18,0.0
PPP1R1B,0.0
PPP1R7,0.0
PPP1R8,0.0
PPP2CB,0.0
PPP2R1A,0.0
PPP2R2A,0.0
PPP2R5D,0.0
PPP3CA,0.0
PPP4C,0.0
PPP6C,0.0
PPT1,0.0
PRAF2,0.0
PRCP,0.0
PRDX1,0.0
PRDX2,0.0
PRDX3,0.0
PROCR,0.0
PROS1,0.0
PRPF19,0.0
PRPF31,0.0
PSMB2,0.0
PSMB3,0.0
PSMB4,0.0
PSMB5,0.0
PSMB6,0.0
PSMB7,0.0
PSMB8,0.0
PSMB9,0.0
PSMC1,0.0
PSMC2,0.0
PSMC3,0.0
PSMC4,0.0
PSMC5,0.0
PSMC6,0.0
PSMD1,0.0
PSMD10,0.0
PSMD11,0.0
PSMD12,0.0
PSMD13,0.0
PSMB10,0.0
PSMB1,0.0
PSMA7,0.0
PRXL2A,0.0
PRPF40A,0.0
PRPF8,0.0
PRPS1,0.0
PRPS2,0.0
PRPSAP1,0.0
PRPSAP2,0.0
PRRC1,0.0
PRTN3,0.0
PRXL2B,0.0
PSMA6,0.0
PSAP,0.0
PSAT1,0.0
PSCA,0.0
PSIP1,0.0
PSMA1,0.0
PSMA2,0.0
PSMA4,0.0
PSMA5,0.0
PRKAR2B,0.0
PARP1,0.0
PEF1,0.0
MTHFD1,0.0
MTREX,0.0
MTX1,0.0
MTX2,0.0
MUC1,0.0
MUC16,0.0
MVP,0.0
MX1,0.0
MXRA7,0.0
MYCBP,0.0
MYDGF,0.0
MYH10,0.0
MYH11,0.0
MYH14,0.0
MYH9,0.0
MYL12A,0.0
MYL6,0.0
MYL9,0.0
MYLK,0.0
MYLK.1,0.0
MTPN,0.0
MTDH,0.0
MYO18A,0.0
MT-CO2,0.0
MRPS23,0.0
MRPS25,0.0
MRPS27,0.0
MRPS34,0.0
MRPS35,0.0
MRPS36,0.0
MRPS7,0.0
MRRF,0.0
MS4A1,0.0
MSH2,0.0
MSI2,0.0
MSN,0.0
MSR1,0.0
MSRA,0.0
MSRB3,0.0
MTA2,0.0
MTAP,0.0
MT-ATP8,0.0
MTCH2,0.0
MYLK.2,0.0
MYO1C,0.0
MRPL9,0.0
NCCRP1,0.0
NCF1,0.0
NCF2,0.0
NCF4,0.0
NCKAP1,0.0
NCKAP1L,0.0
NCL,0.0
NCOA5,0.0
NCSTN,0.0
NDRG1,0.0
NDRG2,0.0
NDUFA10,0.0
NDUFA11,0.0
NDUFA12,0.0
NDUFA13,0.0
NDUFA2,0.0
NDUFA3,0.0
NDUFA4,0.0
NDUFA5,0.0
NDUFA6,0.0
NCEH1,0.0
NCBP1,0.0
MYO1D,0.0
NCAM1,0.0
MYO6,0.0
MYOF,0.0
MZB1,0.0
NAA50,0.0
NAAA,0.0
NACA,0.0
NADSYN1,0.0
NAE1,0.0
NAGA,0.0
NAGK,0.0
NAGLU,0.0
NAMPT,0.0
NANS,0.0
NAP1L1,0.0
NAP1L4,0.0
NAPA,0.0
NARS1,0.0
NASP,0.0
NAXD,0.0
MRPS22,0.0
MRPL58,0.0
PECAM1,0.0
MDH1,0.0
ME1,0.0
ME2,0.0
MECP2,0.0
MECR,0.0
MEMO1,0.0
MESD,0.0
METAP1,0.0
METAP2,0.0
METTL26,0.0
METTL7A,0.0
MFAP4,0.0
MFGE8,0.0
MGLL,0.0
MGMT,0.0
MGST1,0.0
MGST2,0.0
MIA3,0.0
MICAL1,0.0
MIF,0.0
MDH2,0.0
MCU,0.0
MLEC,0.0
MCTS1,0.0
MAPK14,0.0
MAPK3,0.0
MAPRE1,0.0
MAPRE2,0.0
MAPT,0.0
MARCKS,0.0
MARCKSL1,0.0
MARS1,0.0
MAT2A,0.0
MATN2,0.0
MATR3,0.0
MBNL1,0.0
MBOAT7,0.0
MCAM,0.0
MCCC1,0.0
MCCC2,0.0
MCEE,0.0
MCM5,0.0
MCM7,0.0
MKI67,0.0
MMAB,0.0
MRPL50,0.0
MRC2,0.0
MRI1,0.0
MRPL1,0.0
MRPL10,0.0
MRPL11,0.0
MRPL12,0.0
MRPL15,0.0
MRPL17,0.0
MRPL19,0.0
MRPL21,0.0
MRPL23,0.0
MRPL38,0.0
MRPL39,0.0
MRPL4,0.0
MRPL40,0.0
MRPL43,0.0
MRPL44,0.0
MRPL46,0.0
MRPL48,0.0
MRPL49,0.0
MRGPRF,0.0
MRC1,0.0
MMP14,0.0
MPZL2,0.0
MMP8,0.0
MMP9,0.0
MMRN2,0.0
MMS19,0.0
MMUT,0.0
MNDA,0.0
MOB1A,0.0
MOB4,0.0
MOCS2,0.0
MOGS,0.0
MON2,0.0
MOXD1,0.0
MPDU1,0.0
MPI,0.0
MPO,0.0
MPP7,0.0
MPST,0.0
MPZ,0.0
MPZL1,0.0
NDUFA7,0.0
NDUFA8,0.0
NDUFA9,0.0
OTUB1,0.0
OXSR1,0.0
P3H1,0.0
P4HA2,0.0
P4HB,0.0
PA2G4,0.0
PABPC4,0.0
PABPN1,0.0
PACS1,0.0
PACSIN2,0.0
PADI3,0.0
PAFAH1B1,0.0
PAFAH1B3,0.0
PAICS,0.0
PAIP1,0.0
PAK2,0.0
PALLD,0.0
PANK4,0.0
PARK7,0.0
RALB,0.0
OXCT1,0.0
OSTF1,0.0
PARP4,0.0
OSGEP,0.0
NUP58,0.0
NUP93,0.0
NUP98,0.0
NXN,0.0
OCIAD1,0.0
OGA,0.0
OGDH,0.0
OGFR,0.0
OGN,0.0
OLA1,0.0
OLFM4,0.0
OLFML1,0.0
OLFML3,0.0
OMD,0.0
OPA1,0.0
ORM1,0.0
ORM2,0.0
OSBP,0.0
OSBPL8,0.0
PARP14,0.0
PARVA,0.0
NDUFAB1,0.0
PDE6D,0.0
PDHA1,0.0
PDHB,0.0
PDIA3,0.0
PDIA4,0.0
PDIA5,0.0
PDIA6,0.0
PDLIM1,0.0
PDLIM3,0.0
PDLIM4,0.0
PDLIM5,0.0
PDLIM5.1,0.0
PDLIM7,0.0
PDPR,0.0
PDS5B,0.0
PDXK,0.0
PDZD11,0.0
PDZD2,0.0
PEA15,0.0
PEBP1,0.0
PDGFRB,0.0
PDCD6IP,0.0
PAXX,0.0
PDCD6,0.0
PBDC1,0.0
PBRM1,0.0
PBXIP1,0.0
PCBD1,0.0
PCBP1,0.0
PCBP2,0.0
PCCA,0.0
PCCB,0.0
PCK2,0.0
PCMT1,0.0
PCNA,0.0
PCNT,0.0
PCOLCE,0.0
PCYOX1,0.0
PCYT1A,0.0
PDAP1,0.0
PDCD10,0.0
PDCD4,0.0
PDCD5,0.0
NUP50,0.0
NUP37,0.0
NUP205,0.0
NEGR1,0.0
NELFA,0.0
NENF,0.0
NES,0.0
NEXN,0.0
NFASC,0.0
NFKB1,0.0
NHLRC2,0.0
NHP2,0.0
NIBAN1,0.0
NIBAN2,0.0
NID1,0.0
NID2,0.0
NIF3L1,0.0
NIPSNAP1,0.0
NIPSNAP2,0.0
NIPSNAP3A,0.0
NIT1,0.0
NIT2,0.0
NLRC4,0.0
NEK9,0.0
NEDD8,0.0
NUP160,0.0
NECTIN1,0.0
NDUFB10,0.0
NDUFB11,0.0
NDUFB3,0.0
NDUFB4,0.0
NDUFB5,0.0
NDUFB6,0.0
NDUFB8,0.0
NDUFB9,0.0
NDUFC2,0.0
NDUFS1,0.0
NDUFS2,0.0
NDUFS4,0.0
NDUFS5,0.0
NDUFS6,0.0
NDUFS7,0.0
NDUFS8,0.0
NDUFV1,0.0
NDUFV2,0.0
NECAP2,0.0
NME2,0.0
NME3,0.0
NMI,0.0
NMT1,0.0
NTPCR,0.0
NUB1,0.0
NUBP1,0.0
NUBP2,0.0
NUCB1,0.0
NUCB2,0.0
NUCKS1,0.0
NUDC,0.0
NUDCD2,0.0
NUDT15,0.0
NUDT16,0.0
NUDT2,0.0
NUDT21,0.0
NUDT3,0.0
NUDT4,0.0
NUDT5,0.0
NUMA1,0.0
NUP133,0.0
NUP155,0.0
NTMT1,0.0
NT5E,0.0
NT5C3A,0.0
NPEPPS,0.0
NNMT,0.0
NNT,0.0
NOL6,0.0
NOLC1,0.0
NOMO2,0.0
NONO,0.0
NOP2,0.0
NOP58,0.0
NPLOC4,0.0
NT5C2,0.0
NPM1,0.0
NPM3,0.0
NPTN,0.0
NQO1,0.0
NRAS,0.0
NSF,0.0
NSFL1C,0.0
NT5C,0.0
RALA,0.0
RHEB,0.0
RALGAPB,0.0
TMED5,0.0
TKT,0.0
TLE5,0.0
TLN1,0.0
TLN2,0.0
TMA16,0.0
TMCO1,0.0
TMED10,0.0
TMED2,0.0
TMED4,0.0
TMED7,0.0
TJP2,0.0
TMED9,0.0
TMEM109,0.0
TMEM11,0.0
TMEM119,0.0
TMEM126A,0.0
TMEM165,0.0
TMEM205,0.0
TMEM33,0.0
TMEM43,0.0
TKFC,0.0
TJP1,0.0
TPPP3,0.0
THY1,0.0
TGOLN2,0.0
THBS1,0.0
THBS2,0.0
THBS4,0.0
THEM6,0.0
THEMIS2,0.0
THOC6,0.0
THOP1,0.0
THUMPD1,0.0
THYN1,0.0
TIPRL,0.0
TIAL1,0.0
TIGAR,0.0
TIMM13,0.0
TIMM44,0.0
TIMM8A,0.0
TIMM8B,0.0
TIMM9,0.0
TIMP2,0.0
TINAGL1,0.0
TMEM97,0.0
TMOD1,0.0
TMOD3,0.0
TPM1,0.0
TOR1B,0.0
TP53,0.0
TP53I3,0.0
TP53RK,0.0
TPBG,0.0
TPD52,0.0
TPD52L2,0.0
TPI1,0.0
TPK1,0.0
TPM1.1,0.0
TMPO,0.0
TPM1.2,0.0
TPM1.3,0.0
TPM2,0.0
TPM3,0.0
TPM3.1,0.0
TPM4.1,0.0
TPMT,0.0
TPP1,0.0
TPP2,0.0
TOR1AIP1,0.0
TOR1A,0.0
TOP2B,0.0
TOMM70,0.0
TMSB10,0.0
TMSB4X,0.0
TMX1,0.0
TMX2,0.0
TMX4,0.0
TNC,0.0
TNFAIP2,0.0
TNFAIP8,0.0
TNFAIP8L2,0.0
TNKS1BP1,0.0
TNPO1,0.0
TNPO2,0.0
TNPO3,0.0
TNXB,0.0
TOLLIP,0.0
TOM1,0.0
TOM1L2,0.0
TOMM22,0.0
TOMM34,0.0
TGM3,0.0
TGM2,0.0
TGFBI,0.0
STOML2,0.0
STAT5B,0.0
STAT6,0.0
STIM1,0.0
STIP1,0.0
STK24,0.0
STK39,0.0
STK4,0.0
STMN1,0.0
STOM,0.0
STRAP,0.0
SUCLG1,0.0
STT3A,0.0
STUB1,0.0
STX12,0.0
STX3,0.0
STX7,0.0
STX8,0.0
STXBP2,0.0
STXBP3,0.0
SUB1,0.0
STAT3,0.0
STAT2,0.0
STAT1,0.0
STARD5,0.0
SRSF2,0.0
SRSF3,0.0
SRSF4,0.0
SRSF5,0.0
SRSF6,0.0
SRSF7,0.0
SRSF9,0.0
SSB,0.0
SSBP1,0.0
SSC5D,0.0
SSH3,0.0
SSPN,0.0
SSR4,0.0
ST13,0.0
ST14,0.0
STAB1,0.0
STAG2,0.0
STAM,0.0
STARD10,0.0
SUCLA2,0.0
SUCLG2,0.0
TGFB1I1,0.0
TBCB,0.0
TALDO1,0.0
TAP1,0.0
TAP2,0.0
TAPBP,0.0
TARDBP,0.0
TARS1,0.0
TAX1BP3,0.0
TBC1D9B,0.0
TBCA,0.0
TCEA1,0.0
SUGT1,0.0
TCEAL3,0.0
TCERG1,0.0
TCP1,0.0
TES,0.0
TESC,0.0
TEX10,0.0
TF,0.0
TFAM,0.0
TFG,0.0
TAGLN2,0.0
TAGLN,0.0
TACO1,0.0
SYPL1,0.0
SULT1A1,0.0
SULT1A4,0.0
SULT2A1,0.0
SUMO1,0.0
SUMO3,0.0
SUN2,0.0
SUPT16H,0.0
SUPT5H,0.0
SURF4,0.0
SWAP70,0.0
SYK,0.0
SYNCRIP,0.0
SYNE2,0.0
SYNGR1,0.0
SYNGR2,0.0
SYNJ2BP,0.0
SYNM,0.0
SYNPO,0.0
SYNPO2,0.0
TPPP,0.0
TPR,0.0
RALY,0.0
VCAN,0.0
VANGL1,0.0
VAPA,0.0
VAPB,0.0
VARS1,0.0
VASN,0.0
VASP,0.0
VAT1,0.0
VBP1,0.0
VCAM1,0.0
VCL,0.0
VAMP7,0.0
VCP,0.0
VDAC1,0.0
VDAC2,0.0
VDAC3,0.0
VILL,0.0
VIM,0.0
VIRMA,0.0
VKORC1L1,0.0
VPS13C,0.0
VAMP8,0.0
VAMP5,0.0
TPRKB,0.0
UQCRH,0.0
UNC45A,0.0
UPF1,0.0
UPK2,0.0
UPK3A,0.0
UPK3BL2,0.0
UQCRB,0.0
UQCRC1,0.0
UQCRC2,0.0
UQCRFS1,0.0
UQCRQ,0.0
VAMP2,0.0
UROD,0.0
USO1,0.0
USP14,0.0
USP15,0.0
USP5,0.0
USP7,0.0
USP9X,0.0
UTRN,0.0
VAC14,0.0
VPS25,0.0
VPS26A,0.0
VPS26B,0.0
YTHDF2,0.0
WDR82,0.0
XPNPEP1,0.0
XPO1,0.0
XPO7,0.0
XRCC5,0.0
XRCC6,0.0
XRN2,0.0
YBX1,0.0
YKT6,0.0
YWHAB,0.0
VPS28,0.0
YWHAE,0.0
YWHAG,0.0
YWHAH,0.0
YWHAQ,0.0
YWHAZ,0.0
ZADH2,0.0
ZFHX3,0.0
ZNF185,0.0
ZNF207,0.0
WDR77,0.0
WDR61,0.0
WDR5,0.0
WDR1,0.0
VPS29,0.0
VPS35,0.0
VPS45,0.0
VPS4A,0.0
VPS51,0.0
VSIG2,0.0
VTA1,0.0
VTI1B,0.0
VTN,0.0
VWA1,0.0
VWA5A,0.0
VWA8,0.0
VWF,0.0
WARS1,0.0
WAS,0.0
WASF2,0.0
WASHC2A,0.0
WASHC5,0.0
WASL,0.0
UGT1A6,0.0
UGP2,0.0
UGGT1,0.0
TUBA1C,0.0
TSPO,0.0
TST,0.0
TSTD1,0.0
TTC9C,0.0
TTLL12,0.0
TTN,0.0
TTR,0.0
TUBA1A,0.0
TUBA1B,0.0
TUBA4A,0.0
TXNDC12,0.0
TUBB,0.0
TUBB2A,0.0
TUBB4B,0.0
TUBB6,0.0
TUBB8,0.0
TUFM,0.0
TWF1,0.0
TWF2,0.0
TXN,0.0
TSPAN14,0.0
TSNAX,0.0
TSN,0.0
TSG101,0.0
TPSAB1,0.0
TPT1,0.0
TRA2A,0.0
TRA2B,0.0
TRAM1,0.0
TRAPPC3,0.0
TRAPPC4,0.0
TRAPPC5,0.0
TRAPPC6B,0.0
TRIM25,0.0
TRIM26,0.0
TRIM28,0.0
TRIM29,0.0
TRIOBP,0.0
TRIP10,0.0
TRIP6,0.0
TRMT112,0.0
TRNT1,0.0
TSFM,0.0
TXN2,0.0
TXNDC17,0.0
UGDH,0.0
UBQLN1,0.0
UBE2M,0.0
UBE2N,0.0
UBE2O,0.0
UBE2V1,0.0
UBE2V2,0.0
UBE4A,0.0
UBL4A,0.0
UBL5,0.0
UBLCP1,0.0
UBQLN2,0.0
TXNDC5,0.0
UBTF,0.0
UBXN6,0.0
UCHL1,0.0
UCHL3,0.0
UCHL5,0.0
UFC1,0.0
UFD1,0.0
UFL1,0.0
UFM1,0.0
UBE2L6,0.0
UBE2L3,0.0
UBE2K,0.0
UBE2I,0.0
TXNDC9,0.0
TXNIP,0.0
TXNL1,0.0
TXNRD1,0.0
TYMP,0.0
U2AF1,0.0
U2AF2,0.0
U2SURP,0.0
UACA,0.0
UBA1,0.0
UBA2,0.0
UBA3,0.0
UBA5,0.0
UBA6,0.0
UBA7,0.0
UBAP2L,0.0
UBE2A,0.0
UBE2D3,0.0
UBE2E3,0.0
SRSF11,0.0
SRSF10,0.0
SRSF1,0.0
RPS8,0.0
RPS28,0.0
RPS3,0.0
RPS3A,0.0
RPS4X,0.0
RPS4Y1,0.0
RPS5,0.0
RPS6,0.0
RPS6KA3,0.0
RPS7,0.0
RPS9,0.0
RPS27A,0.0
RPSA,0.0
RRAD,0.0
RRAGA,0.0
RRAS,0.0
RRAS2,0.0
RRBP1,0.0
RSL1D1,0.0
RTCA,0.0
RTCB,0.0
RPS27L,0.0
RPS26,0.0
SRRT,0.0
RPS13,0.0
RPL8,0.0
RPL9,0.0
RPLP0,0.0
RPLP1,0.0
RPLP2,0.0
RPN2,0.0
RPRD1B,0.0
RPS11,0.0
RPS12,0.0
RPS14,0.0
RPS25,0.0
RPS15A,0.0
RPS17,0.0
RPS18,0.0
RPS19,0.0
RPS2,0.0
RPS20,0.0
RPS21,0.0
RPS23,0.0
RPS24,0.0
RTN3,0.0
RTN4,0.0
RTN4.1,0.0
SCARB2,0.0
SARNP,0.0
SARS1,0.0
SART3,0.0
SBDS,0.0
SBSN,0.0
SBSPON,0.0
SCAMP2,0.0
SCAMP3,0.0
SCAMP4,0.0
SCCPDH,0.0
RTRAF,0.0
SCFD1,0.0
SCIN,0.0
SCLT1,0.0
SCLY,0.0
SCO1,0.0
SCP2,0.0
SCPEP1,0.0
SCRIB,0.0
SCRN1,0.0
SAR1B,0.0
SAR1A,0.0
SAP18,0.0
SAMHD1,0.0
RUVBL1,0.0
RUVBL2,0.0
S100A10,0.0
S100A11,0.0
S100A13,0.0
S100A16,0.0
S100A2,0.0
S100A4,0.0
S100A6,0.0
S100A7,0.0
S100A8,0.0
S100A9,0.0
S100B,0.0
S100P,0.0
SAA1,0.0
SAA4,0.0
SACM1L,0.0
SAE1,0.0
SAFB,0.0
RPL7A,0.0
RPL7,0.0
RPL6,0.0
RDH11,0.0
RBMX,0.0
RBP1,0.0
RBP4,0.0
RBPMS,0.0
RBX1,0.0
RCC1,0.0
RCC2,0.0
RCN1,0.0
RCSD1,0.0
RDH13,0.0
MAPK1,0.0
RECK,0.0
RECQL,0.0
REEP5,0.0
REEP6,0.0
RELA,0.0
RELCH,0.0
RER1,0.0
REXO2,0.0
RFTN1,0.0
RBM8A,0.0
RBM4,0.0
RBM39,0.0
RBM3,0.0
RAN,0.0
RANBP1,0.0
RANGAP1,0.0
RAP1A,0.0
RAP1B,0.0
RAP1GDS1,0.0
RAP2B,0.0
RARRES2,0.0
RARS1,0.0
RASA1,0.0
RAVER1,0.0
Rb1,0.0
RBBP4,0.0
RBBP7,0.0
RBBP9,0.0
RBM12,0.0
RBM14,0.0
RBM15,0.0
RBM25,0.0
RGS10,0.0
RHOA,0.0
RPL5,0.0
RPL26,0.0
RPL13,0.0
RPL13A,0.0
RPL14,0.0
RPL15,0.0
RPL18,0.0
RPL18A,0.0
RPL19,0.0
RPL22,0.0
RPL23,0.0
RPL27,0.0
RHOB,0.0
RPL28,0.0
RPL3,0.0
RPL30,0.0
RPL31,0.0
RPL32,0.0
RPL35,0.0
RPL35A,0.0
RPL36,0.0
RPL4,0.0
RPL12,0.0
RPL10A,0.0
RPIA,0.0
RPE,0.0
RHOC,0.0
RHOG,0.0
RIDA,0.0
RMDN1,0.0
RMDN3,0.0
RNASE1,0.0
RNASE2,0.0
RNASE3,0.0
RNASE4,0.0
RNASEH2C,0.0
RNH1,0.0
RNPEP,0.0
RO60,0.0
ROCK1,0.0
ROCK2,0.0
RP2,0.0
RPA1,0.0
RPA2,0.0
RPA3,0.0
SCRN2,0.0
SDC1,0.0
SDC2,0.0
SNRPA1,0.0
SNAP23,0.0
SNAPIN,0.0
SNCA,0.0
SND1,0.0
SNF8,0.0
SNRNP200,0.0
SNRNP40,0.0
SNRNP70,0.0
SNRPA,0.0
SNRPB2,0.0
SNX12,0.0
SNRPD1,0.0
SNRPD2,0.0
SNRPD3,0.0
SNRPE,0.0
SNRPF,0.0
SNRPG,0.0
SNRPN,0.0
SNTB2,0.0
SNU13,0.0
SMU1,0.0
SMTN,0.0
SMS,0.0
SMCHD1,0.0
SLC44A1,0.0
SLC44A2,0.0
SLC4A1,0.0
SLC9A1,0.0
SLC9A3R1,0.0
SLC9A3R2,0.0
SLFN5,0.0
SLIRP,0.0
SLIT3,0.0
SLK,0.0
SLMAP,0.0
SMAP1,0.0
SMAP2,0.0
SMARCA2,0.0
SMARCA5,0.0
SMARCC2,0.0
SMARCE1,0.0
SMC1A,0.0
SMC3,0.0
SNX1,0.0
SNX18,0.0
SLC2A1,0.0
SRCAP,0.0
SPRR1A,0.0
SPRR3,0.0
SPRYD4,0.0
SPTA1,0.0
SPTAN1,0.0
SPTB,0.0
SPTBN1,0.0
SQOR,0.0
SRC,0.0
SRI,0.0
SNX2,0.0
SRM,0.0
SRP19,0.0
SRP54,0.0
SRP68,0.0
SRP72,0.0
SRP9,0.0
SRPRA,0.0
SRPRB,0.0
SRRM1,0.0
SPR,0.0
SPP1,0.0
SPON1,0.0
SPINT1,0.0
SNX3,0.0
SNX5,0.0
SNX6,0.0
SNX9,0.0
SOD1,0.0
SOD2,0.0
SOD3,0.0
SORBS1,0.0
SORBS2,0.0
SORBS3,0.0
SORD,0.0
SORL1,0.0
SP100,0.0
SPAG9,0.0
SPARC,0.0
SPARCL1,0.0
SPCS1,0.0
SPCS3,0.0
SPINK1,0.0
SLC35A4,0.0
SLC25A5,0.0
SDCBP,0.0
SERPINA6,0.0
SEPTIN10,0.0
SEPTIN11,0.0
SEPTIN2,0.0
SEPTIN6,0.0
SEPTIN7,0.0
SEPTIN8,0.0
SEPTIN9,0.0
SERPINA1,0.0
SERPINA4,0.0
SERPINA7,0.0
SERPINE1,0.0
SERPINB1,0.0
SERPINB10,0.0
SERPINB13,0.0
SERPINB3,0.0
SERPINB4,0.0
SERPINB5,0.0
SERPINB6,0.0
SERPINB9,0.0
SERPINC1,0.0
SEPTIN1,0.0
SEPHS1,0.0
SELENOP,0.0
SELENOM,0.0
SDHA,0.0
SDHB,0.0
SDR39U1,0.0
SDSL,0.0
SEC11A,0.0
SEC11C,0.0
SEC13,0.0
SEC22B,0.0
SEC23A,0.0
SEC23B,0.0
SEC23IP,0.0
SEC24B,0.0
SEC24C,0.0
SEC24D,0.0
SEC31A,0.0
SEC61A1,0.0
SEC63,0.0
SEL1L,0.0
SELENBP1,0.0
SERPIND1,0.0
SERPINF1,0.0
SLC25A4,0.0
SIAE,0.0
SH3BGRL3,0.0
SH3GL1,0.0
SH3GL2,0.0
SH3GLB1,0.0
SH3GLB2,0.0
SH3KBP1,0.0
SH3PXD2B,0.0
SHBG,0.0
SHMT2,0.0
SIGMAR1,0.0
SERPINF2,0.0
SIRT3,0.0
SIRT5,0.0
SKIV2L,0.0
SKP1,0.0
SLC14A1,0.0
SLC1A5,0.0
SLC25A1,0.0
SLC25A11,0.0
SLC25A3,0.0
SH3BGRL2,0.0
SGSH,0.0
SGPL1,0.0
SGCE,0.0
SERPING1,0.0
SERPINH1,0.0
SET,0.0
SF1,0.0
SF3A1,0.0
SF3A2,0.0
SF3A3,0.0
SF3B1,0.0
SF3B2,0.0
SF3B3,0.0
SF3B4,0.0
SF3B5,0.0
SF3B6,0.0
SFN,0.0
SFPQ,0.0
SFRP1,0.0
SFXN3,0.0
SGCB,0.0
SGCD,0.0
MAPK13,0.0
LRP1,0.0
MAP4,0.0
CNN1,0.0
CLTB,0.0
CLTC,0.0
CLU,0.0
CMA1,0.0
CMAS,0.0
CMBL,0.0
CMPK1,0.0
CNBP,0.0
CNDP2,0.0
CNN2,0.0
CLPTM1L,0.0
CNN3,0.0
CNOT1,0.0
CNOT9,0.0
CNP,0.0
CNPY2,0.0
CNPY3,0.0
CNPY4,0.0
CNRIP1,0.0
CNTN1,0.0
CLTA,0.0
CLPP,0.0
COTL1,0.0
CLC,0.0
CIAPIN1,0.0
CIB1,0.0
CIRBP,0.0
CISD1,0.0
CISD2,0.0
CK20,0.0
CKAP4,0.0
CKB,0.0
CKMT1A,0.0
CLCA4,0.0
CLNS1A,0.0
CLDN1,0.0
CLDN4,0.0
CLEC3B,0.0
CLIC1,0.0
CLIC2,0.0
CLIC4,0.0
CLIC6,0.0
CLINT1,0.0
CLIP1,0.0
COA3,0.0
COA6,0.0
COASY,0.0
COPS5,0.0
COPA,0.0
COPB1,0.0
COPB2,0.0
COPE,0.0
COPG1,0.0
COPG2,0.0
COPS2,0.0
COPS3,0.0
COPS4,0.0
COPS6,0.0
COBLL1,0.0
COPS7A,0.0
COPS7B,0.0
COPS8,0.0
COPZ1,0.0
COQ5,0.0
COQ9,0.0
CORO1A,0.0
CORO1B,0.0
CORO1C,0.0
COMT,0.0
COMP,0.0
COMMD9,0.0
COMMD8,0.0
COL12A1,0.0
COL14A1,0.0
COL15A1,0.0
COL18A1,0.0
COL1A1,0.0
COL1A2,0.0
COL3A1,0.0
COL4A2,0.0
COL6A1,0.0
COL6A2,0.0
COL6A3,0.0
COL6A6,0.0
COLGALT1,0.0
COMMD1,0.0
COMMD2,0.0
COMMD3,0.0
COMMD4,0.0
COMMD5,0.0
COMMD7,0.0
CHP1,0.0
CHMP5,0.0
CHMP4B,0.0
CCT4,0.0
CCDC50,0.0
CCDC6,0.0
CCNA2,0.0
CCND1,0.0
CCNE1,0.0
CCNY,0.0
CCS,0.0
CCT2,0.0
CCT3,0.0
CCT5,0.0
CD38,0.0
CCT6A,0.0
CCT8,0.0
CD109,0.0
CD14,0.0
CD163,0.0
CD163L1,0.0
CD209,0.0
CD276,0.0
CD2AP,0.0
CCDC22,0.0
CCDC158,0.0
CCDC124,0.0
CCAR2,0.0
CASP5,0.0
CASP6,0.0
CASP7,0.0
CAST,0.0
CAT,0.0
CAV1,0.0
CAV1.1,0.0
CAV2,0.0
CAVIN1,0.0
CAVIN2,0.0
CAVIN3,0.0
CBFB,0.0
CBR1,0.0
CBR3,0.0
CBR4,0.0
CBX1,0.0
CBX3,0.0
CBX5,0.0
CCAR1,0.0
CD34,0.0
CD3D,0.0
CHMP4A,0.0
CFHR1,0.0
CDV3,0.0
CEACAM1,0.0
CEACAM5,0.0
CELF2,0.0
CES1,0.0
CFAP20,0.0
CFB,0.0
CFD,0.0
CFH,0.0
CFHR2,0.0
CD44,0.0
CFI,0.0
CFL1,0.0
CFL2,0.0
CHCHD2,0.0
CHD4,0.0
CHID1,0.0
CHMP1B,0.0
CHMP2A,0.0
CHMP3,0.0
CDKN2C,0.0
CDKN2AIP,0.0
CDKN2A,0.0
CDKN1A,0.0
CD47,0.0
CD48,0.0
CD59,0.0
CD5L,0.0
CD63,0.0
CD74,0.0
CD81,0.0
CD9,0.0
CD99,0.0
CDA,0.0
CDC37,0.0
CDC42,0.0
CDC5L,0.0
CDH1,0.0
CDH13,0.0
CDH2,0.0
CDIPT,0.0
CDK5,0.0
CDK5RAP3,0.0
CORO7,0.0
COX4I1,0.0
CASP14,0.0
DDX42,0.0
DDT,0.0
DDX1,0.0
DDX17,0.0
DDX18,0.0
DDX19B,0.0
DDX24,0.0
DDX39B,0.0
DDX3X,0.0
DDX3Y,0.0
DDX46,0.0
DDOST,0.0
DDX5,0.0
DDX6,0.0
DECR1,0.0
DEFA3,0.0
DEK,0.0
DELE1,0.0
DENR,0.0
DERA,0.0
DERL1,0.0
DDRGK1,0.0
DDI2,0.0
COX5A,0.0
DCTD,0.0
DAZAP1,0.0
DBI,0.0
DBN1,0.0
DBNL,0.0
DBT,0.0
DCD,0.0
DCK,0.0
DCN,0.0
DCPS,0.0
DCTN2,0.0
DDB1,0.0
DCTN3,0.0
DCTN4,0.0
DCTN5,0.0
DCTN6,0.0
DCTPP1,0.0
DCUN1D1,0.0
DCXR,0.0
DDAH1,0.0
DDAH2,0.0
DERL3,0.0
DES,0.0
DFFA,0.0
DNPH1,0.0
DNAJC13,0.0
DNAJC3,0.0
DNAJC5,0.0
DNAJC8,0.0
DNAJC9,0.0
DNASE2,0.0
DNM1L,0.0
DNM2,0.0
DNPEP,0.0
DOCK2,0.0
DGKA,0.0
DPM3,0.0
DPP3,0.0
DPP4,0.0
DPP7,0.0
DPP9,0.0
DPT,0.0
DPY30,0.0
DPYD,0.0
DPYSL2,0.0
DNAJC10,0.0
DNAJB4,0.0
DNAJB11,0.0
DNAJB1,0.0
DGLUCY,0.0
DHRS1,0.0
DHRS11,0.0
DHRS2,0.0
DHRS4,0.0
DHRS7,0.0
DHX15,0.0
DHX9,0.0
DIABLO,0.0
DIAPH2,0.0
DKC1,0.0
DLAT,0.0
DLD,0.0
DLG1,0.0
DLG3,0.0
DLST,0.0
DMAC2L,0.0
DNAJA1,0.0
DNAJA2,0.0
DARS2,0.0
DARS1,0.0
DAG1,0.0
CRYBG1,0.0
CRELD2,0.0
CRIP1,0.0
CRIP2,0.0
CRISP3,0.0
CRK,0.0
CRKL,0.0
CROCC,0.0
CRP,0.0
CRYAB,0.0
CRYL1,0.0
CSRP1,0.0
CRYM,0.0
CRYZ,0.0
CS,0.0
CSDE1,0.0
CSE1L,0.0
CSK,0.0
CSNK1A1,0.0
CSNK2A1,0.0
CSNK2B,0.0
CREG1,0.0
CRADD,0.0
CRABP2,0.0
CR2,0.0
COX5B,0.0
COX6B1,0.0
COX6C,0.0
COX7A2,0.0
COX7A2L,0.0
CP,0.0
CPA3,0.0
CPA4,0.0
CPB2,0.0
CPN1,0.0
CPN2,0.0
CPNE1,0.0
CPOX,0.0
CPPED1,0.0
CPQ,0.0
CPSF6,0.0
CPSF7,0.0
CPT2,0.0
CPVL,0.0
CSPG4,0.0
CSRP2,0.0
DAD1,0.0
CYBB,0.0
CUTC,0.0
CWF19L1,0.0
CXADR,0.0
CXCR4,0.0
CYB5A,0.0
CYB5B,0.0
CYB5R1,0.0
CYB5R3,0.0
CYBA,0.0
CYBRD1,0.0
CST3,0.0
CYC1,0.0
CYCS,0.0
CYFIP1,0.0
CYFIP2,0.0
CYGB,0.0
CYRIB,0.0
CYSTM1,0.0
CZIB,0.0
DAB2,0.0
CUTA,0.0
CUL5,0.0
CUL4A,0.0
CUL3,0.0
CST6,0.0
CSTA,0.0
CTF1,0.0
CTHRC1,0.0
CTNNA1,0.0
CTNNBL1,0.0
CTNND1,0.0
CTSA,0.0
CTSB,0.0
CTSC,0.0
CTSD,0.0
CTSG,0.0
CTSH,0.0
CTSL,0.0
CTSS,0.0
CTSZ,0.0
CTTN,0.0
CUL1,0.0
CUL2,0.0
CASP3,0.0
CASP1,0.0
MAP2K4,0.0
ALOX5AP,0.0
ALDH4A1,0.0
ALDH5A1,0.0
ALDH6A1,0.0
ALDH9A1,0.0
ALDOA,0.0
ALDOC,0.0
ALG5,0.0
ALOX15,0.0
ALOX5,0.0
ALYREF,0.0
ALDH2,0.0
AMBP,0.0
AMOT,0.0
AMPD3,0.0
ANK1,0.0
ANK2,0.0
ANKRD22,0.0
ANO6,0.0
ANP32A,0.0
ANP32B,0.0
ALDH3A2,0.0
ALDH1L2,0.0
AQP1,0.0
AKR1C3,0.0
AK1,0.0
AK2,0.0
AK4,0.0
AKAP12,0.0
AKR1A1,0.0
AKR1B1,0.0
AKR1B10,0.0
AKR1C1,0.0
AKR1C2,0.0
AKR1D1,0.0
ALDH1L1,0.0
AKR7A2,0.0
ALAD,0.0
ALB,0.0
ALCAM,0.0
ALDH16A1,0.0
ALDH18A1,0.0
ALDH1A1,0.0
ALDH1A3,0.0
ALDH1B1,0.0
ANPEP,0.0
ANXA10,0.0
ANXA11,0.0
APOBEC3C,0.0
APCS,0.0
APEH,0.0
API5,0.0
APIP,0.0
APMAP,0.0
APOA1,0.0
APOA2,0.0
APOA4,0.0
APOB,0.0
APOC2,0.0
ANXA2,0.0
APOC3,0.0
APOD,0.0
APOF,0.0
APOH,0.0
APOL1,0.0
APOL2,0.0
APOM,0.0
APOO,0.0
APPL1,0.0
AP3S1,0.0
AP3M1,0.0
AP3D1,0.0
AP3B1,0.0
ANXA3,0.0
ANXA4,0.0
ANXA5,0.0
ANXA6,0.0
ANXA7,0.0
ANXA8,0.0
ANXA8L1,0.0
AOC3,0.0
AOX1,0.0
AP1B1,0.0
AP1G1,0.0
AP1M1,0.0
AP1S1,0.0
AP1S2,0.0
AP1S3,0.0
AP2A1,0.0
AP2A2,0.0
AP2B1,0.0
AP2M1,0.0
AIMP2,0.0
AIMP1,0.0
AIF1,0.0
ACOX1,0.0
ACBD3,0.0
ACE,0.0
ACIN1,0.0
ACLY,0.0
ACO1,0.0
ACO2,0.0
ACOT1,0.0
ACOT13,0.0
ACOT7,0.0
ACOX3,0.0
ACTL6A,0.0
ACP1,0.0
ACP1.1,0.0
ACP2,0.0
ACSF2,0.0
ACSL1,0.0
ACSL3,0.0
ACSL5,0.0
ACTBL2,0.0
ACTC1,0.0
ACAT2,0.0
ACAT1,0.0
ACADVL,0.0
ACADSB,0.0
AAMDC,0.0
AARS1,0.0
AASDHPPT,0.0
AASS,0.0
ABAT,0.0
ABCC4,0.0
ABCE1,0.0
ABCF1,0.0
ABHD10,0.0
ABHD11,0.0
ABHD14B,0.0
ABI1,0.0
ABI3BP,0.0
ABRACL,0.0
ABRAXAS2,0.0
ACAA1,0.0
ACAA2,0.0
ACAD8,0.0
ACADS,0.0
ACTG1,0.0
ACTN1,0.0
AIDA,0.0
AGR2,0.0
AFDN,0.0
AFG3L2,0.0
AFM,0.0
AGA,0.0
AGFG1,0.0
AGL,0.0
AGO1,0.0
AGO2,0.0
AGO3,0.0
AGR3,0.0
ACTN4,0.0
AGRN,0.0
AGT,0.0
AHCY,0.0
AHCYL1,0.0
AHNAK,0.0
AHNAK2,0.0
AHSA1,0.0
AHSG,0.0
AHSP,0.0
AEBP1,0.0
ADSS2,0.0
ADSL,0.0
ADRM1,0.0
ACTR1A,0.0
ACTR1B,0.0
ACTR2,0.0
ACTR3,0.0
ACY1,0.0
ACYP2,0.0
ADA,0.0
ADAR,0.0
ADD1,0.0
ADD3,0.0
ADGRE5,0.0
ADH1A,0.0
ADH1B,0.0
ADH5,0.0
ADIPOQ,0.0
ADIRF,0.0
ADK,0.0
ADPRH,0.0
ADPRS,0.0
APRT,0.0
AQR,0.0
CASK,0.0
C1QA,0.0
BST2,0.0
BTF3,0.0
BTF3L4,0.0
BUB3,0.0
BUD31,0.0
BZW1,0.0
BZW2,0.0
C11orf54,0.0
C11orf68,0.0
C1QB,0.0
BSG,0.0
C1QBP,0.0
C1QC,0.0
C1R,0.0
C1S,0.0
C2,0.0
C20orf27,0.0
C3,0.0
C4A,0.0
C4B,0.0
BST1,0.0
BROX,0.0
ARAP1,0.0
BLVRA,0.0
BGN,0.0
BHMT,0.0
BID,0.0
BIN1,0.0
BIN2,0.0
BLM,0.0
BLMH,0.0
BLOC1S1,0.0
BLOC1S2,0.0
BLVRB,0.0
BRK1,0.0
BOLA2,0.0
BORCS5,0.0
BPGM,0.0
BPHL,0.0
BPI,0.0
BPIFB1,0.0
BPNT1,0.0
BRCC3,0.0
BRIX1,0.0
C4BPA,0.0
C5,0.0
C6,0.0
CAPRIN1,0.0
CANX,0.0
CAP1,0.0
CAP2,0.0
CAPG,0.0
CAPN1,0.0
CAPN2,0.0
CAPN5,0.0
CAPNS1,0.0
CAPNS2,0.0
CAPS,0.0
C8A,0.0
CAPZA1,0.0
CAPZA2,0.0
CAPZB,0.0
CAPZB.1,0.0
CARD16,0.0
CARHSP1,0.0
CARM1,0.0
CARMIL3,0.0
CARS1,0.0
CAND1,0.0
CAMP,0.0
CAMK2G,0.0
CAMK2D,0.0
C8B,0.0
C8G,0.0
C8orf82,0.0
C9,0.0
C9orf64,0.0
CA1,0.0
CA2,0.0
CA3,0.0
CAB39,0.0
CAB39L,0.0
CACNA2D1,0.0
CACYBP,0.0
CAD,0.0
CADM3,0.0
CALD1,0.0
CALM3,0.0
CALML5,0.0
CALR,0.0
CALU,0.0
BDH1,0.0
BCLAF1,0.0
BCL2L13,0.0
ARSA,0.0
ARPC1A,0.0
ARPC1B,0.0
ARPC2,0.0
ARPC3,0.0
ARPC4,0.0
ARPC5,0.0
ARPC5L,0.0
ARPIN,0.0
ARRB1,0.0
ASAH1,0.0
ATP1A1,0.0
ASL,0.0
ASPA,0.0
ASPH,0.0
ASPN,0.0
ASPRV1,0.0
ASS1,0.0
ATG3,0.0
ATG7,0.0
ATIC,0.0
ARMT1,0.0
ARMC10,0.0
ARMC1,0.0
ARL8B,0.0
ARF1,0.0
ARF4,0.0
ARF5,0.0
ARF6,0.0
ARFGAP3,0.0
ARFGEF1,0.0
ARFIP1,0.0
ARG1,0.0
ARHGAP1,0.0
ARHGAP17,0.0
ARHGAP25,0.0
ARHGDIA,0.0
ARHGDIB,0.0
ARHGEF1,0.0
ARL1,0.0
ARL3,0.0
ARL6IP1,0.0
ARL6IP5,0.0
ARL8A,0.0
ATL3,0.0
ATP1B1,0.0
BCL2,0.0
BASP1,0.0
AZGP1,0.0
AZU1,0.0
B2M,0.0
BABAM2,0.0
BAG1,0.0
BAG2,0.0
BAG3,0.0
BANF1,0.0
BAP18,0.0
BAX,0.0
ATP1B3,0.0
BCAM,0.0
BCAP29,0.0
BCAP31,0.0
BCAS1,0.0
BCAT2,0.0
BCCIP,0.0
BCHE,0.0
BCKDHA,0.0
BCKDHB,0.0
ATRN,0.0
ATP6V1G1,0.0
ATP6V1F,0.0
ATP6V1E1,0.0
ATP2A2,0.0
ATP2A3,0.0
ATP2B1,0.0
ATP2B4,0.0
ATP5F1A,0.0
ATP5F1B,0.0
ATP5F1C,0.0
ATP5F1D,0.0
ATP5ME,0.0
ATP5MF,0.0
ATP5MG,0.0
ATP5MK,0.0
ATP5PB,0.0
ATP5PD,0.0
ATP5PF,0.0
ATP5PO,0.0
ATP6V0D1,0.0
ATP6V1A,0.0
ATP6V1B2,0.0
DPYSL3,0.0
DR1,0.0
DRG1,0.0
HSPH1,0.0
HSPA5,0.0
HSPA8,0.0
HSPA9,0.0
HSPB1,0.0
HSPB11,0.0
HSPB7,0.0
HSPBP1,0.0
HSPE1,0.0
HSPG2,0.0
HTATIP2,0.0
HSPA2,0.0
HTRA1,0.0
HTRA2,0.0
HUWE1,0.0
HVCN1,0.0
HYI,0.0
HYOU1,0.0
IAH1,0.0
IARS1,0.0
IARS2,0.0
HSPA4,0.0
HSPA1A,0.0
DRG2,0.0
HSD17B10,0.0
HPGD,0.0
HPGDS,0.0
HPR,0.0
HPRT1,0.0
HPX,0.0
HRAS,0.0
HRG,0.0
HRNR,0.0
HS1BP3,0.0
HSD17B11,0.0
HSPA13,0.0
HSD17B12,0.0
HSD17B4,0.0
HSD17B8,0.0
HSDL2,0.0
HSP90AA1,0.0
HSP90AB1,0.0
HSP90AB2P,0.0
HSP90B1,0.0
HSPA12A,0.0
ICAM1,0.0
ICAM3,0.0
IDE,0.0
IGKV1-17,0.0
IGHV3-74,0.0
IGHV3-9,0.0
IGHV4-28,0.0
IGHV4-59,0.0
IGHV5-51,0.0
IGHV6-1,0.0
IGKC,0.0
IGKV1-13,0.0
IGKV1-16,0.0
IGKV1-27,0.0
IDH1,0.0
IGKV1-33,0.0
IGKV1-5,0.0
IGKV1-8,0.0
IGKV1D-16,0.0
IGKV2-24,0.0
IGKV2-30,0.0
IGKV2D-40,0.0
IGKV3-11,0.0
IGKV3-15,0.0
IGHV3-72,0.0
IGHV3-49,0.0
IGHV3-30-3,0.0
IGHV3-15,0.0
IDH2,0.0
IDH3A,0.0
IDH3G,0.0
IDI1,0.0
IFI30,0.0
IFITM3,0.0
IFT27,0.0
IGF2R,0.0
IGFALS,0.0
IGFBP2,0.0
IGFBP4,0.0
IGHA1,0.0
IGHG2,0.0
IGHG3,0.0
IGHG4,0.0
IGHM,0.0
IGHV1-18,0.0
IGHV1-3,0.0
IGHV2-26,0.0
HP1BP3,0.0
HP,0.0
HOOK3,0.0
HERC4,0.0
HDGFL2,0.0
HDGFL3,0.0
HDHD2,0.0
HDHD3,0.0
HDHD5,0.0
HDLBP,0.0
HEBP1,0.0
HEBP2,0.0
HELZ2,0.0
HEXA,0.0
HK2,0.0
HEXB,0.0
HGFAC,0.0
HGS,0.0
HIBADH,0.0
HIGD1A,0.0
HIKESHI,0.0
HINT2,0.0
HINT3,0.0
HIP1R,0.0
HDGF,0.0
HDDC3,0.0
HDDC2,0.0
HDAC1,0.0
H2BC13,0.0
H2BC21,0.0
H3-3A,0.0
H4C1,0.0
H6PD,0.0
HAAO,0.0
HACD3,0.0
HADH,0.0
HADHA,0.0
HADHB,0.0
HAGH,0.0
HAL,0.0
HARS1,0.0
HBA1,0.0
HBB,0.0
HBD,0.0
HBQ1,0.0
HCFC1,0.0
HCLS1,0.0
HK1,0.0
HK3,0.0
HNRNPUL2,0.0
HNRNPH1,0.0
HNRNPA1,0.0
HNRNPA2B1,0.0
HNRNPA3,0.0
HNRNPA3.1,0.0
HNRNPAB,0.0
HNRNPC,0.0
HNRNPD,0.0
HNRNPDL,0.0
HNRNPF,0.0
HNRNPH2,0.0
HLA-A,0.0
HNRNPH3,0.0
HNRNPK,0.0
HNRNPL,0.0
HNRNPLL,0.0
HNRNPM,0.0
HNRNPR,0.0
HNRNPR.1,0.0
HNRNPU,0.0
HNRNPUL1,0.0
HNRNPA0,0.0
HNMT,0.0
HMOX2,0.0
HMOX1,0.0
HLA-A.1,0.0
HLA-B,0.0
HLA-C,0.0
HLA-DMB,0.0
HLA-DPA1,0.0
HLA-DPB1,0.0
HLA-DQA1,0.0
HLA-DRB1,0.0
HLA-DRB3,0.0
HLA-DRB4,0.0
HLA-DRB5,0.0
HLA-H,0.0
HM13,0.0
HMBS,0.0
HMGB1,0.0
HMGB2,0.0
HMGCL,0.0
HMGCS2,0.0
HMGN2,0.0
IGKV3-20,0.0
IGKV4-1,0.0
IGLC3,0.0
LMCD1,0.0
LHPP,0.0
LIMA1,0.0
LIMCH1,0.0
LIMS1,0.0
LIMS2,0.0
LIN7C,0.0
LLGL2,0.0
LMAN1,0.0
LMAN2,0.0
LMNA.1,0.0
A2M,0.0
LMNB1,0.0
LMNB2,0.0
LMOD1,0.0
LNPEP,0.0
LONP1,0.0
LPA,0.0
LPCAT2,0.0
LPP,0.0
LRBA,0.0
LGMN,0.0
LGALS9,0.0
LGALS7,0.0
LGALS4,0.0
LAMP2,0.0
LAMTOR1,0.0
LAMTOR2,0.0
LAMTOR3,0.0
LAMTOR4,0.0
LAMTOR5,0.0
LANCL1,0.0
LAP3,0.0
LARS1,0.0
LASP1,0.0
LBP,0.0
LCN2,0.0
LCP2,0.0
LDHA,0.0
LDHB,0.0
LETM1,0.0
LGALS1,0.0
LGALS3,0.0
LGALS3BP,0.0
LRG1,0.0
LRPAP1,0.0
LAMC1,0.0
MAGOHB,0.0
LYPLAL1,0.0
LYZ,0.0
LZIC,0.0
LZTFL1,0.0
M6PR,0.0
MACF1,0.0
MACROD1,0.0
MACROH2A1,0.0
MACROH2A2,0.0
MAIP1,0.0
LRPPRC,0.0
MAN2B1,0.0
MAN2C1,0.0
MAOA,0.0
MAOB,0.0
MAP1B,0.0
MAP1LC3A,0.0
MAP1S,0.0
MAP2K2,0.0
MAP2K3,0.0
LYPLA2,0.0
LYPLA1,0.0
LY75,0.0
LY6D,0.0
LRRC47,0.0
LRRC57,0.0
LRRC59,0.0
LSM1,0.0
LSM2,0.0
LSM3,0.0
LSM4,0.0
LSM6,0.0
LSM8,0.0
LSP1,0.0
LTA4H,0.0
LTBP1,0.0
LTBP2,0.0
LTBP4,0.0
LTF,0.0
LUC7L2,0.0
LUC7L3,0.0
LUM,0.0
LXN,0.0
LAMP1,0.0
LAMB2,0.0
IGLV1-40,0.0
IQGAP2,0.0
INPP1,0.0
INPP4A,0.0
INPP4B,0.0
INPP5D,0.0
INTS3,0.0
IPO5,0.0
IPO7,0.0
IPO9,0.0
IQGAP1,0.0
IRF6,0.0
ITGAL,0.0
ISG20,0.0
ISLR,0.0
ISOC1,0.0
ISOC2,0.0
IST1,0.0
ISYNA1,0.0
ITGA1,0.0
ITGA2B,0.0
ITGA3,0.0
IMPDH2,0.0
IMPA2,0.0
IMPA1,0.0
IMMT,0.0
IGLV1-47,0.0
IGLV1-51,0.0
IGLV2-11,0.0
IGLV2-18,0.0
IGLV3-10,0.0
IGLV3-19,0.0
IGLV3-27,0.0
IGLV3-9,0.0
IGLV4-69,0.0
IGLV7-46,0.0
IGLV8-61,0.0
IGLV9-49,0.0
IL16,0.0
IL18,0.0
IL1RN,0.0
ILF2,0.0
ILF3,0.0
ILK,0.0
ILVBL,0.0
ITGA8,0.0
ITGAV,0.0
LAMB1,0.0
KRAS,0.0
KHSRP,0.0
KIF13B,0.0
KIF5B,0.0
KLC1,0.0
KLKB1,0.0
KNG1,0.0
KPNA1,0.0
KPNA4,0.0
KPRP,0.0
KRT7,0.0
ITGB1,0.0
KTN1,0.0
KYAT3,0.0
KYNU,0.0
LACTB,0.0
LACTB2,0.0
LAGE3,0.0
LAMA2,0.0
LAMA4,0.0
LAMA5,0.0
KDSR,0.0
KDELR1,0.0
KCTD12,0.0
KCNAB2,0.0
ITGB2,0.0
ITGB3,0.0
ITGB4,0.0
ITGB5,0.0
ITGB6,0.0
ITIH1,0.0
ITIH2,0.0
ITIH3,0.0
ITIH4,0.0
ITIH5,0.0
ITPA,0.0
IVD,0.0
JAGN1,0.0
JAM3,0.0
JCHAIN,0.0
JMJD7,0.0
JUP,0.0
KANK2,0.0
KARS1,0.0
H2AZ2,0.0
H2AX,0.0
H2AC6,0.0
ESD,0.0
ERG28,0.0
ERH,0.0
ERI3,0.0
ERLIN2,0.0
ERMP1,0.0
ERO1A,0.0
ERP29,0.0
ERP44,0.0
ESAM,0.0
ESYT1,0.0
ERBB2,0.0
ESYT2,0.0
ETFA,0.0
ETFB,0.0
ETHE1,0.0
EVL,0.0
EWSR1,0.0
EXOC4,0.0
EXOC5,0.0
EXOC8,0.0
ERBIN,0.0
ERAP2,0.0
H2AC21,0.0
EPB41L2,0.0
ENG,0.0
ENO2,0.0
ENOPH1,0.0
ENPP1,0.0
ENPP4,0.0
ENTPD1,0.0
ENTPD5,0.0
EPB41,0.0
EPB41L1,0.0
EPB41L3,0.0
ERAP1,0.0
EPHX1,0.0
EPHX2,0.0
EPPK1,0.0
EPRS1,0.0
EPS15,0.0
EPS15L1,0.0
EPS8,0.0
EPS8L2,0.0
EPX,0.0
EXOSC1,0.0
EXOSC2,0.0
EXOSC4,0.0
FBXO33,0.0
FARSB,0.0
FASN,0.0
FBL,0.0
FBLN1.1,0.0
FBLN2,0.0
FBLN5,0.0
FBN1,0.0
FBP1,0.0
FBXL7,0.0
FBXO7,0.0
EXOSC6,0.0
FCER1G,0.0
FCGBP,0.0
FCGR2C,0.0
FCGR3A,0.0
FCGRT,0.0
FCSK,0.0
FDPS,0.0
FDX1,0.0
FDXR,0.0
FARSA,0.0
FARP1,0.0
FAM98B,0.0
FAM50A,0.0
EZR,0.0
F10,0.0
F11R,0.0
F12,0.0
F13A1,0.0
F13B,0.0
F2,0.0
F5,0.0
F9,0.0
FABP3,0.0
FABP4,0.0
FABP5,0.0
FAH,0.0
FAHD1,0.0
FAM107B,0.0
FAM114A1,0.0
FAM120A,0.0
FAM162A,0.0
FAM3C,0.0
ENAH,0.0
EML4,0.0
EML2,0.0
EEF1A1,0.0
ECH1,0.0
ECHDC1,0.0
ECHS1,0.0
ECI1,0.0
ECI2,0.0
ECM1,0.0
ECPAS,0.0
EDF1,0.0
EEA1,0.0
EEF1A2,0.0
EHD1,0.0
EEF1B2,0.0
EEF1D,0.0
EEF1E1,0.0
EEF1G,0.0
EEF2,0.0
EFEMP1,0.0
EFEMP2,0.0
EFHD2,0.0
EFTUD2,0.0
ECE1,0.0
DYSF,0.0
DYNLT3,0.0
DYNLT1,0.0
DSC1,0.0
DSG1,0.0
DSG2,0.0
DSTN,0.0
DTD1,0.0
DTNA,0.0
DTX3L,0.0
DTYMK,0.0
DUOX2,0.0
DUSP23,0.0
DUSP3,0.0
DYNC1H1,0.0
DYNC1I2,0.0
DYNC1LI1,0.0
DYNC1LI2,0.0
DYNC2H1,0.0
DYNLL1,0.0
DYNLL2,0.0
DYNLRB1,0.0
EGFR,0.0
EHD2,0.0
EMILIN1,0.0
ELAVL1,0.0
EIF4G1,0.0
EIF4G2,0.0
EIF4G3,0.0
EIF4H,0.0
EIF5,0.0
EIF5A,0.0
EIF5B,0.0
EIF6,0.0
ELANE,0.0
ELMO1,0.0
EHD4,0.0
ELMO3,0.0
ELOB,0.0
ELOC,0.0
ELOVL1,0.0
EMC1,0.0
EMC2,0.0
EMC7,0.0
EMD,0.0
EMG1,0.0
EIF4A3,0.0
EIF4A2,0.0
EIF3M,0.0
EIF3L,0.0
EIF1,0.0
EIF1AD,0.0
EIF1AX,0.0
EIF2A,0.0
EIF2AK2,0.0
EIF2B2,0.0
EIF2S1,0.0
EIF2S2,0.0
EIF2S3,0.0
EIF3A,0.0
EIF3B,0.0
EIF3C,0.0
EIF3D,0.0
EIF3E,0.0
EIF3F,0.0
EIF3G,0.0
EIF3H,0.0
EIF3I,0.0
EIF3J,0.0
FECH,0.0
FEN1,0.0
FERMT2,0.0
GNPDA2,0.0
GNAS,0.0
GNB1,0.0
GNB2,0.0
GNB4,0.0
GNG12,0.0
GNG5,0.0
GNG7,0.0
GNL1,0.0
GNPDA1,0.0
GNPNAT1,0.0
GPD2,0.0
GNS,0.0
GOLGA2,0.0
GOLGA3,0.0
GORASP2,0.0
GOT1,0.0
GOT2,0.0
GPC1,0.0
GPC4,0.0
GPC6,0.0
GNAQ,0.0
GNAO1,0.0
GNAI2,0.0
GNAI1,0.0
GLO1,0.0
GLOD4,0.0
GLRX,0.0
GLRX3,0.0
GLRX5,0.0
GLS,0.0
GLTP,0.0
GLUD1,0.0
GLUL,0.0
GM2A,0.0
GMDS,0.0
GMFB,0.0
GMFG,0.0
GMPPA,0.0
GMPPB,0.0
GMPR2,0.0
GMPS,0.0
GNA11,0.0
GNA13,0.0
GPD1L,0.0
GPI,0.0
FERMT3,0.0
GUSB,0.0
GSTM5,0.0
GSTO1,0.0
GSTP1,0.0
GSTT1,0.0
GSTT2B,0.0
GSTZ1,0.0
GTF2F2,0.0
GTF2I,0.0
GUK1,0.0
GYG1,0.0
GPLD1,0.0
GYPA,0.0
GYS1,0.0
H1-0,0.0
H1-10,0.0
H1-2,0.0
H1-4,0.0
H1-5,0.0
H2AC14,0.0
H2AC20,0.0
GSTM4,0.0
GSTM3,0.0
GSTM2,0.0
GSTM1,0.0
GPS1,0.0
GPSM3,0.0
GPX1,0.0
GPX2,0.0
GPX3,0.0
GPX4,0.0
GPX7,0.0
GRB2,0.0
GRHPR,0.0
GRIPAP1,0.0
GRPEL1,0.0
GRSF1,0.0
GSDMA,0.0
GSN,0.0
GSPT1,0.0
GSR,0.0
GSS,0.0
GSTA3,0.0
GSTK1,0.0
GLIPR2,0.0
GLG1,0.0
GLB1,0.0
FNTA,0.0
FLNB,0.0
FLNC,0.0
FLOT1,0.0
FLOT2,0.0
FMOD,0.0
FN1,0.0
FN3K,0.0
FN3KRP,0.0
FNBP1,0.0
FOLR2,0.0
GIT2,0.0
FOLR3,0.0
FOXM1,0.0
FSCN1,0.0
FTH1,0.0
FTL,0.0
FTO,0.0
FUBP1,0.0
FUBP3,0.0
FUCA1,0.0
FLNA,0.0
FLII,0.0
FLG2,0.0
FKBP9,0.0
FGA,0.0
FGB,0.0
FGF2,0.0
FGFR3,0.0
FGG,0.0
FGL2,0.0
FH,0.0
FHIT,0.0
FHL1,0.0
FHL2,0.0
FILIP1L,0.0
FIS1,0.0
FKBP11,0.0
FKBP15,0.0
FKBP1A,0.0
FKBP2,0.0
FKBP3,0.0
FKBP4,0.0
FKBP7,0.0
FUNDC2,0.0
FXR1,0.0
FYCO1,0.0
GET3,0.0
GC,0.0
GCA,0.0
GCLC,0.0
GCLM,0.0
GCN1,0.0
GDA,0.0
GDI1,0.0
GDI2,0.0
GDPD3,0.0
GFM1,0.0
GBP2,0.0
GFUS,0.0
GGACT,0.0
GGCT,0.0
GGH,0.0
GGPS1,0.0
GGT5,0.0
GIGYF2,0.0
GIMAP4,0.0
GIPC1,0.0
GBP4,0.0
GBP1,0.0
G3BP1,0.0
GBF1,0.0
G6PD,0.0
GAA,0.0
GABARAP,0.0
GADD45A,0.0
GALE,0.0
GALK1,0.0
GALM,0.0
GALT,0.0
GANAB,0.0
GANAB.1,0.0
GAPDH,0.0
GAR1,0.0
GARS1,0.0
GART,0.0
GATAD2A,0.0
GATD1,0.0
GATD3A,0.0
GATM,0.0
GBE1,0.0
ZYX,0.0
MGST3,-9.30625694551952e-19
